x,π(x) approx,Known,Rel error %
1e+12,37595837056,37607912018.0,0.032108
1e+15,29839779402824,28952965460217.0,3.062947
1e+18,24737697042064620,2.473995428774086e+16,0.009124
1e+20,2220673159364702976,,—
1e+24,18434905117453960871936,,—
